thing 1,thing 2,thing 3,thing 4,thing 5,thing 6,thing 7,thing 8,thing 9,thing 10,thing 11,thing 12,thing 13,thing 14,thing 15
2/17/18,AB,jaselaksdjf,4x handle,1239 bushasi dr. unit #134,K1A 0M8,,,,,,,,,
2/17/18,NS,askaeu,executive blades,1240 bushasi dr. unit #134,K1A 0M9,,,,,,,,,
2/17/18,ON,eu,humble twin,1241 bushasi dr. unit #134,K1A 0M10,,,,,,,,,
2/17/18,BC,jacue asdf,4x handle,1242 bushasi dr. unit #134,K1A 0M11,,,,,,,,,
2/18/18,MB,asdf asdf,executive blades,1243 bushasi dr. unit #134,K1A 0M12,,,,,,,,,
2/18/18,QB,laksjdf a a;sdkfj,humble twin,1244 bushasi dr. unit #134,K1A 0M13,,,,,,,,,
2/18/18,NB,saomiasdmk,4x handle,1245 bushasi dr. unit #134,K1A 0M14,,,,,,,,,
2/18/18,PE,of foiuoe,executive blades,1246 bushasi dr. unit #134,K1A 0M15,,,,,,,,,
2/18/18,SK,jaselaksdjf,humble twin,1247 bushasi dr. unit #134,K1A 0M16,,,,,,,,,
2/18/18,NL,askaeu,4x handle,1248 bushasi dr. unit #134,K1A 0M17,,,,,,,,,
2/18/18,AB,eu,executive blades,1249 bushasi dr. unit #134,K1A 0M18,,,,,,,,,
2/18/18,NS,jacue asdf,humble twin,1250 bushasi dr. unit #134,K1A 0M19,,,,,,,,,
2/18/18,ON,asdf asdf,4x handle,1251 bushasi dr. unit #134,K1A 0M20,,,,,,,,,
2/18/18,BC,laksjdf a a;sdkfj,executive blades,1252 bushasi dr. unit #134,K1A 0M21,,,,,,,,,
2/18/18,MB,saomiasdmk,humble twin,1253 bushasi dr. unit #134,K1A 0M22,,,,,,,,,
2/18/18,QB,of foiuoe,4x handle,1254 bushasi dr. unit #134,K1A 0M23,,,,,,,,,
2/18/18,NB,jaselaksdjf,executive blades,1255 bushasi dr. unit #134,K1A 0M24,,,,,,,,,
2/18/18,PE,askaeu,humble twin,1256 bushasi dr. unit #134,K1A 0M25,,,,,,,,,
2/18/18,SK,eu,4x handle,1257 bushasi dr. unit #134,K1A 0M26,,,,,,,,,
2/18/18,NL,jacue asdf,executive blades,1258 bushasi dr. unit #134,K1A 0M27,,,,,,,,,
2/18/18,AB,asdf asdf,humble twin,1259 bushasi dr. unit #134,K1A 0M28,,,,,,,,,
2/18/18,NS,laksjdf a a;sdkfj,4x handle,1260 bushasi dr. unit #134,K1A 0M29,,,,,,,,,
2/18/18,ON,saomiasdmk,executive blades,1261 bushasi dr. unit #134,K1A 0M30,,,,,,,,,
2/18/18,BC,of foiuoe,humble twin,1262 bushasi dr. unit #134,K1A 0M31,,,,,,,,,
2/18/18,MB,jaselaksdjf,4x handle,1263 bushasi dr. unit #134,K1A 0M32,,,,,,,,,
2/18/18,QB,askaeu,executive blades,1264 bushasi dr. unit #134,K1A 0M33,,,,,,,,,
2/18/18,NB,eu,humble twin,1265 bushasi dr. unit #134,K1A 0M34,,,,,,,,,
2/18/18,PE,jacue asdf,4x handle,1266 bushasi dr. unit #134,K1A 0M35,,,,,,,,,
2/18/18,SK,asdf asdf,executive blades,1267 bushasi dr. unit #134,K1A 0M36,,,,,,,,,
