thing 1, thing 2, thing 3,thing 4,thing      5,thing 6,thing 7,thing 8,thing 9,thing 10,thing 11,thing 12,thing 13,thing 14,thing 15
2/17/18,Alberta, jasélaksdjf,4x handle,1239 bushasī dr. unit #134,K1A 0M8,,,,,,,,,
2/17/18,Nova Scotia, askàèù,executive blades,1240 bushasī dr. unit #134,K1A 0M9,,,,,,,,,
2/17/18,Ontario,èù, humble twin,1241 bushasī dr. unit #134,K1A 0M10,,,,,,,,,
2/17/18,British Columbia,jaçue asdf , 4x handle,1242 bushasī dr. unit #134,K1A 0M11,,,,,,,,,
2/18/18,Manitoba, asdf  asdf,executive blades,1243 bushasī dr. unit #134,K1A 0M12,,,,,,,,,
2/18/18,Quebec,laksjdf â a;sdkfj,humble twin,1244 bushasī dr. unit #134,K1A 0M13,,,,,,,,,
2/18/18,New Brunswick,saomïasdmk,4x handle,1245 bushasī dr. unit #134,K1A 0M14,,,,,,,,,
2/18/18,Prince Edward Islands,of foiuœ,executive blades,1246 bushasī dr. unit #134,K1A 0M15,,,,,,,,,
2/18/18,Saskatchewan,jasélaksdjf,humble twin,1247 bushasī dr. unit #134,K1A 0M16,,,,,,,,,
2/18/18,Newfoundland and Labrador,askàèù,4x handle,1248 bushasī dr. unit #134,K1A 0M17,,,,,,,,,
2/18/18,Alberta,èù,executive blades,1249 bushasī dr. unit #134,K1A 0M18,,,,,,,,,
2/18/18,Nova Scotia,jaçue asdf ,humble twin,1250 bushasī dr. unit #134,K1A 0M19,,,,,,,,,
2/18/18,Ontario, asdf  asdf,4x handle,1251 bushasī dr. unit #134,K1A 0M20,,,,,,,,,
2/18/18,British Columbia,laksjdf â a;sdkfj,executive blades,1252 bushasī dr. unit #134,K1A 0M21,,,,,,,,,
2/18/18,Manitoba,saomïasdmk,humble twin,1253 bushasī dr. unit #134,K1A 0M22,,,,,,,,,
2/18/18,Quebec,of foiuœ,4x handle,1254 bushasī dr. unit #134,K1A 0M23,,,,,,,,,
2/18/18,New Brunswick,jasélaksdjf,executive blades,1255 bushasī dr. unit #134,K1A 0M24,,,,,,,,,
2/18/18,Prince Edward Islands,askàèù,humble twin,1256 bushasī dr. unit #134,K1A 0M25,,,,,,,,,
2/18/18,Saskatchewan,èù,4x handle,1257 bushasī dr. unit #134,K1A 0M26,,,,,,,,,
2/18/18,Newfoundland and Labrador,jaçue asdf ,executive blades,1258 bushasī dr. unit #134,K1A 0M27,,,,,,,,,
2/18/18,Alberta, asdf  asdf,humble twin,1259 bushasī dr. unit #134,K1A 0M28,,,,,,,,,
2/18/18,Nova Scotia,laksjdf â a;sdkfj,4x handle,1260 bushasī dr. unit #134,K1A 0M29,,,,,,,,,
2/18/18,Ontario,saomïasdmk,executive blades,1261 bushasī dr. unit #134,K1A 0M30,,,,,,,,,
2/18/18,British Columbia,of foiuœ,humble twin,1262 bushasī dr. unit #134,K1A 0M31,,,,,,,,,
2/18/18,Manitoba,jasélaksdjf,4x handle,1263 bushasī dr. unit #134,K1A 0M32,,,,,,,,,
2/18/18,Quebec,askàèù,executive blades,1264 bushasī dr. unit #134,K1A 0M33,,,,,,,,,
2/18/18,New Brunswick,èù,humble twin,1265 bushasī dr. unit #134,K1A 0M34,,,,,,,,,
2/18/18,Prince Edward Islands,jaçue asdf ,4x handle,1266 bushasī dr. unit #134,K1A 0M35,,,,,,,,,
2/18/18,Saskatchewan, asdf  asdf,executive blades,1267 bushasī dr. unit #134,K1A 0M36,,,,,,,,,
